{
  "version": 1,
  "author": "Uri Shaked",
  "editor": "wokwi",
  "parts": [
    { "type": "wokwi-arduino-uno", "id": "uno", "top": 20, "left": 50, "attrs": {} },
    {
      "type": "wokwi-lcd2004",
      "id": "lcd1",
      "top": 284.93,
      "left": 109.74,
      "attrs": { "pins": "i2c" }
    }
  ],
  "connections": [
    [ "lcd1:SDA", "uno:A4", "green", [ "h-34.07", "v-76.53", "h9.33" ] ],
    [ "lcd1:SCL", "uno:A5", "green", [ "h-62.07", "v-98.7", "h29.33" ] ],
    [ "lcd1:GND", "uno:GND.3", "black", [ "h-15.41", "v-43.53", "h126.67" ] ],
    [ "lcd1:VCC", "uno:5V", "red", [ "h-26.07", "v-59.03", "h110.67" ] ]
  ],
  "dependencies": {}
}